index,titulo,categoria
610,"""De nada sirven los triunfos si la paz no los corona"" #LaPazHabla",Película y Animación
819,"""Hay mejores formas para uno mostrar su forma de pensar"" Sofía",Película y Animación
637,#LosNacionalesXSeñal - Bahía Cupica,Deportes
740,#LosNacionalesXSeñal - Estudiantes Utech balonmano,Deportes
160,#LosNacionalesXSeñal - Las pruebas de triatlón llenaron de emoción al municipio de Prado,Deportes
101,"#LosNacionalesXSeñal - María Elena Hurtado, la Pelé antioqueña",Deportes
405,#LosNacionalesXSeñal - Niños voley playa,Deportes
681,#LosNacionalesXSeñal - ¡Hicimos historia!,Deportes
428,#PedaleoPor: Ariel Molina envía un saludo a los escarabajos,Deportes
13,#PedaleoPor: Ariel Molina envía un saludo a los escarabajos,Deportes
817,#PedaleoPor: Dagoberto López envía un saludo a los escarabajos,Deportes
181,#PedaleoPor: Esteban Kekessy envía un saludo a los escarabajos,Deportes
799,#PedaleoPor: Henry García envía un saludo a los escarabajos,Deportes
420,#PedaleoPor: James Guevara envía un saludo a los escarabajos,Deportes
947,#PedaleoPor: Javier Cruz envía un saludo a los escarabajos,Deportes
810,#PedaleoPor: Javier Rodríguez envía un saludo a los escarabajos,Deportes
858,#PedaleoPor: Jonathan Devía envía un saludo a los escarabajos,Deportes
376,#PedaleoPor: Jorge Merchán envía un saludo a los escarabajos,Deportes
472,#PedaleoPor: Jorge envía un saludo a los escarabajos,Deportes
116,#PedaleoPor: Jorge envía un saludo a los escarabajos,Deportes
258,#PedaleoPor: Luz Mery Páez envía un saludo a los escarabajos,Deportes
781,#PedaleoPor: Mayra Lozano envía un saludo a los escarabajos,Deportes
885,#PedaleoPor: Patricia envía un saludo a los escarabajos,Deportes
300,#PedaleoPor: Ricardo Ramírez envía un saludo a los escarabajos,Deportes
539,#PedaleoPor: Ricardo Ramírez envía un saludo a los escarabajos,Deportes
107,#VotoCriollo - El chontaduro,Gente y Blogs
513,#VotoCriollo - Las sillas criollas,Gente y Blogs
195,#VotoCriollo - Oficios de parque,Gente y Blogs
867,03 INFOGRAFIA INFANTIL - HUELLA ENERGETICA,Entretenimiento
444,1 de 6 cine joven.mpg,Entretenimiento
50,1 de 6 cirugia estetica acceso directo.mpg,Entretenimiento
883,1 de 6 música fusión Acceso directo.mpg,Entretenimiento
673,1 de 6 transgeneristas acceso directo.mpg,Entretenimiento
645,1280 Almas - Soledad Criminal (Señal Radiónica),Otros
876,1° Conversatorio Todo lo que Somos - Rompiendo Fronteras,Gente y Blogs
507,2 de 6 Reinsertados Acceso directo.mpg,Entretenimiento
614,2 de 6 SIDA Acceso Directo,Entretenimiento
983,2 de 6 la hora del sí Acceso Directo.mpg,Entretenimiento
79,2 de 6 musica fusion acceso directo.mpg,Entretenimiento
962,2 de 6 patrimonio Acceso directo,Entretenimiento
226,"25 de agosto: Automovilismo, Atletismo",Deportes
474,3 Legado Jaime R Echavarria Acceso Directo.mpg,Entretenimiento
332,3 de 6 Migracion Acceso Directo,Educación
639,4 de 6 Migracion Acceso Directo,Educación
395,5 Cosas que debes saber sobre el boxeo,Deportes
537,5 Legado Jaime R Echavarria Acceso Directo.mpg,Entretenimiento
703,5 de 6 Paranormal Acceso Directo.mpg,Entretenimiento
193,5 de 6 cirugia estetica acceso directo.mpg,Entretenimiento
560,5 de 7 Radio Nacional 70 años Acceso directo,Entretenimiento
215,5 diferencias entre el ciclismo femenino y masculino,Deportes
140,5 razones para ver el Tour de L' Avenir - Daniel Martínez.,Deportes
500,6 de 6 Paranormal Acceso Directo.mpg,Entretenimiento
178,6 de 6 Reinsertados Acceso directo.mpg,Entretenimiento
849,Abril es el mes de la palabra en señalcolombia,Entretenimiento
568,Actividad - Liga de la Animación - Mi Señal,Educación
763,"Aislados - Canción 'La peroleta', Tumaco",Gente y Blogs
730,"Aislados - Juana Carmela Berrío, en Santa Cruz del Islote",Gente y Blogs
286,"Aislados - Postal luna, Nuquí",Otros
285,Aislados - Postal noche - Nazareth,Otros
53,"Aislados, ganador India Catalina mejor fotografía",Gente y Blogs
443,Al paso de Garzón - Todo lo que vimos,Otros
899,Alerta Kamarada - Legal (Señal Radiónica),Otros
245,Altimetrías - Etapa 12 - Tour de Francia 2015,Deportes
794,Ana Mercedes Hoyos en Señal Colombia,Película y Animación
394,Andrés Salcedo en @SenalDeportes con 'El día en que el fútbol murió',Deportes
601,Anthonya - Liga de la Animación,Educación
682,Antonia - Reguetón,Película y Animación
865,Antón tiruriru - Villancicos típicos colombianos,Otros
773,Anónimas extraordinarias - Maura De Caldas,Película y Animación
91,Anónimas extraordinarias - Águila Tway,Película y Animación
149,Aquí se nace - Documental sobre Armero,Película y Animación
924,Arena Miranda - Baile en Silla de Ruedas,Deportes
556,Art of Motion en Santorini,Deportes
720,Así calientan los hinchas el Maracaná,Deportes
628,Así celebran los goles chilenos con Señal Deportes,Deportes
65,Así fue nuestra visita a la Fundación Cardioinfantil,Película y Animación
427,"Así se preparan los músicos - Concurso Nacional de Bandas de Paipa, Boyacá",Entretenimiento
311,Avellanas,Educación
631,Baúles Parte 2,Educación
900,Bicentenario Memoria Revelada - Agustín Agualongo,Educación
463,Bicentenario Memoria Revelada - Migraciones,Educación
86,Bicentenario Memoria Revelada - Saludo Colombia,Educación
532,Bicentenario Memoria Revelada - Saludo Venezuela,Educación
909,Bocadillo veleño,Película y Animación
953,"Brasilandia, una favela invadida por la pasión hacia el fútbol",Deportes
453,Cabezote Todo lo que vemos.mpg,Educación
839,Camiseta del equipo LOTTO-BELISO,Deportes
519,Camiseta del equipo SOJASUN,Deportes
554,"Cap 04 De Güipas y Guámbitos - Rosalía, la reina del desierto",Gente y Blogs
201,Cap 06 Güipas y Guámbitos - Los encostalados del cerro,Gente y Blogs
596,Capitulo 01 - Todo lo que vemos,Entretenimiento
392,Caribe Pop - Capítulo 4 - Ciudad Champeta,Educación
323,Caribe Pop - El último de los Coyongos,Educación
840,Carlos Muñoz - El gran papel de su vida,Entretenimiento
523,Celebramos Halloween con la Feria de los Niños - Mi Señal,Educación
626,Celso Piña - No Gustas de Mí - #Conversaciones2014,Otros
691,Charles King y El alguacil Ft. El Freaky colectivo - La vitamina,Entretenimiento
941,Ciclo: Amores de historia - Del 26 al 30 de julio 10:30 p.m. #EnCineNosVemos,Película y Animación
373,Cimarrones - Cap 04 Sazón negra,Gente y Blogs
287,Cimarrones - Cap 05 Presencia negra,Gente y Blogs
414,Cimarrones - Cap 10 Agua negra,Educación
912,Cimarrón está en 'Versión en vivo',Entretenimiento
981,Cinco deportes y juegos Puesto 2 - Tapita o Checa,Entretenimiento
920,Cinco elementos de celebración Puesto 2 - Una competencia,Entretenimiento
555,Cinco elementos de celebración Puesto 4 - Música especial,Entretenimiento
642,Cinco que no haría un colombiano Puesto 5 - No puede llegar a tiempo,Entretenimiento
824,Cine familiar en fin de semana,Entretenimiento
234,"Circo del sol ""Varekai"" - Sábado 21 de Junio",Película y Animación
58,Colom-bío - Capítulo 3 - Basuras,Educación
33,Colombia Oro y Paz - Del 6 al 11 de febrero en Señal Colombia,Deportes
737,Colombia en bicicleta - Todo lo que vimos,Entretenimiento
576,Colombia rumbo al campeonato mundial de pista en Francia 2015,Deportes
977,Colombia se mueve - Capítulo 03 Por la trocha,Otros
988,Colombia se mueve - Capítulo 11 Como pez el agua,Otros
404,Colombia y su historia en la Vuelta España. 1,Deportes
811,Colombianos cantando cumbia en el metro de Brasilia,Deportes
699,Colombianos celebran el segundo triunfo de su selección,Deportes
689,Comiendo cuento - Todo lo que vimos,Entretenimiento
850,Con animación todo es posible - Marcador,Película y Animación
760,Con animación todo es posible por Señal Colombia,Película y Animación
10,"Concurso Nacional de Bandas de Paipa, Boyacá (Desfile completo)",Otros
562,Contraseña verde - El regalo,Educación
769,"Conversaciones, El Charrito Negro - Miércoles 30 de Julio 7:00 pm",Película y Animación
42,Convocatoria sobre los derechos humanos de las mujeres y la violencia basada en género,Película y Animación
147,Crema pastelera,Educación
503,Cuando el río suena - Bahía Solano,Educación
442,Cuando el río suena - Nueva Venecia (Capítulo completo),Gente y Blogs
527,Cuando el río suena - Providencia (Capítulo completo),Gente y Blogs
919,Cuando en río suena - Guapí (Capítulo completo),Gente y Blogs
255,Cuentos de Cocina II - Fríjol,Entretenimiento
468,Cuentos de Cocina II - Maní,Entretenimiento
358,Cuentos de Cocina II - Maní - paso a paso receta,Entretenimiento
176,"Cuentos de Viejos - Nicolás, el hijo del curandero",Película y Animación
382,"Cuentos de Viejos - Ysabel, el miedo baja del cielo",Película y Animación
289,Cuentos de viejos - Así hicimos Cuentos de viejos,Película y Animación
937,Cuentos de viejos - Horarios,Película y Animación
516,"Cuentos de viejos - Josefina, la de los dientes filudos",Película y Animación
30,DBC intro cap 02,Deportes
307,Decoración Puesto 4 - Peluches en el baño,Entretenimiento
528,Dedos apestosos por: Salomé y Sara,Película y Animación
624,Deja huella,Educación
80,Disciplina - Fútbol de salon,Deportes
630,Disciplina - Tejo,Deportes
940,Documental 1h20,Entretenimiento
411,"Documental: 'Amrika, Amrika' - Hoy miércoles 25 de febrero 8:00 p.m. #SeñalParaPensar",Película y Animación
745,Documental: 'Especuladores' - Lunes 23 de febrero 8:00 p.m. #SeñalParaPensar,Película y Animación
249,Documental: 'Mujeres a la calle' - Estreno hoy domingo 3 de mayo 9:00 p.m.,Gente y Blogs
148,Documental: 'Solar mamas' - Hoy martes 3 de marzo 8:00 p.m. #SeñalParaPensar,Película y Animación
767,Documental: 'Vientre de mujer' - Mañana domingo 8 de marzo 8:00 p.m. #SeñalParaPensar,Película y Animación
3,"Documentales: 'Camilo, el cura guerrillero' - Hoy martes 12 de mayo 8:00 p.m. #SeñalParaPensar",Película y Animación
482,Don Ca una película de Patricia Ayala Ruiz - Clip 3,Película y Animación
836,Don Ca una película de Patricia Ayala Ruiz - Clip 6,Película y Animación
863,Don Ca una película de Patricia Ayala Ruiz - Clip 8,Película y Animación
252,Dos colombianos en un equipo italiano,Deportes
768,Día Internacional de la niña,Película y Animación
643,ENERGÍA FICCIÓN,Educación
87,ETT - Making Off,Educación
632,"Ejercita tu cuerpo, ejercita tu mente",Deportes
543,El Dr. Rodolfo Llinás habla con Señal Colombia,Entretenimiento
364,El Reino - Final de temporada - Jueves 23 de abril 10:30 p.m.,Entretenimiento
11,El Tour de Francia con Nairo Quintana,Deportes
120,El cine según los maestros - Señal Colombia en el FICCI,Película y Animación
471,El cine según los maestros - Señal Colombia en el FICCI,Película y Animación
748,El mundo según Pirry y el mundo según Hollman - Todo lo que vimos,Entretenimiento
312,El nombre de la gloria - Capítulo 11 - Helmut Bellingrodt,Deportes
426,El nombre de la gloria - Capítulo 13 - Elkin Serna y Moisés Fuentes,Deportes
449,El nombre de la gloria - Capítulo 19 - Oscar Figueroa,Deportes
636,"El nombre de la gloria, Nairo Quintana - Sábado 23 de agosto, 2:00 pm / 9:30 pm",Deportes
559,"El papa, la luna y el nobel - Todo lo que vimos",Entretenimiento
697,El sillón de la injusticia - servicio militar,Entretenimiento
725,Emanuel - Saya,Película y Animación
818,"En agosto relájate, mes del humor y la comedia - Señal Colombia",Película y Animación
205,"En cine nos vemos - Beatriz González ¿Por qué llora si ya reí? - Diego García Moreno, 2011",Película y Animación
515,"En cine nos vemos - Campeones del ring - José A. Venegas, 1972",Película y Animación
280,"En cine nos vemos - Carrusel - Guillermo Iván, 2012",Película y Animación
247,En cine nos vemos - Ciclo: Esto es ficción - Del 31 de agosto a 4 de septiembre 10:30 p.m.,Película y Animación
918,En cine nos vemos - Ciclo: Más cursi no se puede - Del 26 al 30 de octubre 10:15 p.m.,Película y Animación
339,En cine nos vemos - Ciclo: Trabajos de corazón - Del 25 al 29 de mayo 10:30 p.m.,Película y Animación
508,"En cine nos vemos - Coco & Igor - Jan Kounen, 2009",Película y Animación
4,"En cine nos vemos - Cuchillo de palo - Renate Costa, 2010",Película y Animación
22,"En cine nos vemos - Edificio Master - Eduardo Coutinho, 2002",Película y Animación
736,"En cine nos vemos - El regreso de la marca - Adolfo X, 2006",Película y Animación
410,"En cine nos vemos - El siglo de las luces C - Humberto Solás, 1992",Película y Animación
88,En cine nos vemos - El verano de la señora Forbes - Mañana viernes 17 de abril 9:00 p.m.,Película y Animación
922,"En cine nos vemos - Funeral siniestro - Jairo Pinilla, 1977",Película y Animación
752,En cine nos vemos - Fábula de la bella palomera - Mañana martes 21 de abril 9:00 p.m.,Película y Animación
928,"En cine nos vemos - Habanastation - Ian Padrón, 2011",Película y Animación
459,"En cine nos vemos - Incendios - Denis Villeneuve, 2010",Película y Animación
315,"En cine nos vemos - La comunidad - Álex de la Iglesia, 2000",Película y Animación
992,"En cine nos vemos - La nación clasdestina - Jorge Sanjinés, 1989",Película y Animación
385,En cine nos vemos - La primera noche - Hoy sábado 14 de marzo 10:00 p.m. #InolvidableFicci55,Película y Animación
182,"En cine nos vemos - Locos - Harold Trompetero, 2011",Película y Animación
694,"En cine nos vemos - Manderlay - Lars Von Trier, 2005",Película y Animación
696,"En cine nos vemos - Pompoko - Isao Takahata, 1994",Entretenimiento
28,"En cine nos vemos - Sicario - José Ramón Novoa, 1994",Película y Animación
759,"En cine nos vemos - Soul Kitchen - Fatih Akin, 2009",Película y Animación
812,En cine nos vemos - Yo soy el que tu buscas - Hoy lunes 20 de abril 9:00 p.m.,Película y Animación
496,En cine nos vemos - ¡ESTRENO! Película: Chocó - Viernes 27 de noviembre 10:15 p.m.,Película y Animación
464,En movimiento Capi?tulo 4 - Skoolz.exe Versio?n 1.1,Gente y Blogs
888,"En nombre de la gloria II, ganador India Catalina mejor programa deportivo",Gente y Blogs
366,"En vivo, en video y a color - Todo lo que vimos",Entretenimiento
488,Encuentro de latinos para bailar salsa en Sao Paulo,Deportes
425,Energía fósil,Otros
793,Energía vital,Otros
55,Entrevista a Manuela Vásquez en señaldeportes,Deportes
273,Entrevista al Comegalletas (Parte 3),Película y Animación
873,Entrevista con Roberto González - Mecánico del Trek Segafredo,Deportes
561,Este mes elige la diversión 'Vacaciones familiares de estreno' por Señal Colombia,Otros
531,Esteban Chaves en exclusiva desde la Vuelta a España,Deportes
638,Etapa 11 del Tour de Francia: Besançon / Oyonnax,Deportes
434,"Etapa 12 - Escaldes - Engordany, Andorra / Lleida",Deportes
536,Etapa 13 del Tour de Francia: Saint-Étienne / Chamrousse,Deportes
569,"Etapa 16 - Luarca / Ermita de Alba, Quirós",Deportes
700,Etapa 19 - Medina del campo / Ávila,Deportes
635,Etapa 4 del Tour de Francia 2014: Le Touquet-Paris-Plage,Deportes
218,Etapa 9 del Tour de Francia: Gérardmer / Mulhouse,Deportes
338,Expedicio?n Sonora - Capi?tulo 15: Wayu?u,Otros
987,Expedicio?n Sonora - Capi?tulo 16: Tamborito,Otros
693,Expedicio?n Sonora - Capi?tulo 5: Clarinete,Otros
848,Expedicio?n Sonora - Capi?tulo 6: Bandola,Otros
206,Expresiones en vía de extinción Puesto 2 - El cóndor de los Andes,Entretenimiento
969,FICCI 2012 con Isabella Rossellini,Película y Animación
133,FICCI 2012 con Jhonny Hendrix,Película y Animación
993,FICCI 2013 con Víctor Gaviria,Gente y Blogs
627,FILBO 2014 - Emmanuel Piqueras,Película y Animación
180,FILBO 2014 - Mario Vargas Llosa,Película y Animación
935,FILBO 2014 - Mi señal en el pabellón infantil,Educación
256,Fausto - Susana - Unidos en #Conversaciones2014,Otros
173,Fernando Gaitán habla del legado de Mónica Agudelo,Entretenimiento
511,Festival Internacional Cine al Mar 2014,Película y Animación
679,Festival Internacional de Música de Cartagena - Ref. Interpretando a Mozart,Entretenimiento
246,Festival Internacional de Música de Cartagena 2012 - Sonidos resumen,Otros
391,Festival Internacional de Música de Cartagena 2013 - Cecilia Radic y Salvatore Basile,Otros
908,Festival Internacional de Música de Cartagena 2013 - Elvis Alejandro Díaz y Gabriele Mirabassi,Otros
710,Festival Internacional de Música de Cartagena 2013 - Guiseppe Paolo habla de instrumentos,Otros
809,Festival Internacional de Música de Cartagena 2013 - Miguel Camacho y la música de Vivaldi,Otros
530,Festival Vallenato - Día 01 - Cronica No 2 Piloneritos,Entretenimiento
764,Festival Vallenato - Día 01 - Cronica No 3 Niños,Entretenimiento
82,Festival de Danzas una forma de hacer deporte,Deportes
547,Festival de verano 2013 en Señal Deportes,Deportes
701,Festival vallenato - Miguel morales entona una canción,Entretenimiento
986,Festivaliando - Festival del Mono Núñez - Jueves 11 - Manjar Blanco,Entretenimiento
353,Festivaliando - Festival del Mono Núñez - Sábado 13 - Bajos,Entretenimiento
512,Final Mundial de Street Style en Tokio,Deportes
98,First Time Filmmakers - El protector de los delfines (tráiler),Entretenimiento
575,First Time Filmmakers - Muertos ajenos (tráiler),Entretenimiento
868,First Time Filmmakers - Segunda temporada - Hoy documental 'El protector de delfines',Película y Animación
214,Flamencos - Instinto de conservación,Entretenimiento
856,Foros Señal Radio Colombia - Arte y postconflicto - Jueves 25 de septiembre,Gente y Blogs
146,"Franja ""Anónimas extraordinarias"" - Mujer solar",Gente y Blogs
714,"Franja ""Anónimas extraordinarias"" - Mujeres criminalistas",Gente y Blogs
798,Franja Anónimas extraordinarias - Mujeres alcaldesas,Gente y Blogs
996,Franja Retro - NN,Deportes
164,Ganó 3 medallas de oro y 2 de bronce,Deportes
957,"Granada: Mariana Villaneda, Ysue Villaneda y Matías Velasquez - Receta Corazones ensangrentados",Película y Animación
600,Guillermina y Candelario - Comunicación / Expedición pirata (Capítulo completo),Película y Animación
563,Guillermina y Candelario - Nueva Temporada,Educación
887,Guía práctica del criollo - El payaso criollo,Película y Animación
241,HOLA señal Colombia,Entretenimiento
886,Había un aire de familiaridad en el US Open,Deportes
524,Heridas con pus por: Isabela y Sara,Película y Animación
866,Heridas con pus por: Sara y Juan Pablo,Película y Animación
235,Hijos de las estrellas - Estreno en simultánea 21 de octubre 4:00 p.m.,Gente y Blogs
362,Historias en Bici - Nicolás Borrás,Deportes
279,Historias en bici - Cuando el amor llega en Bici,Deportes
746,"Historias en bici - Leonidas, el forjador de escaladores",Deportes
1,Historias en bici - Sibaté pedalea su pasado,Deportes
557,Historias en bici - ¿Cómo andar en bici con tu mascota?,Deportes
111,Historias en bici - ¿Quieres viajar por Colombia en bici?,Deportes
47,"Historias horribles, la serie - Viernes 8:00 pm",Película y Animación
172,Historias para un país de monaguillos - Todo lo que vimos,Entretenimiento
994,I.R.A. - Firmes (Señal Radiónica),Otros
573,I.R.A. - Quién es el burro (Señal Radiónica),Otros
97,"Invasión de diversión - Juani y Gatón - L a V 8:30 a.m. y 3:30 p.m. y S y D, 6:00 a.m.",Película y Animación
452,Invisibles - Nueva serie étnica,Otros
357,Isaac Held,Educación
17,JAIME ECHAVARRIA ACCESO DIRECTO,Entretenimiento
734,JOSE ANGELO MOLINA 2,Entretenimiento
375,"Jaime Garzón, Especial - Estreno viernes 24 de octubre 8:00 p.m.",Gente y Blogs
48,"Jaime Garzón, especial - Ganador India Catalina mejor producción periodística para TV",Gente y Blogs
185,Jairo Enrique Rodríguez,Deportes
961,Jineth Barón (Colombia) - Mundial de Patinaje Artístico,Deportes
952,Josefina Super Megachef - Mi Diente (Capítulo completo Nº 1),Educación
709,Juan Diego Piedrahita en las 6 Horas de Bogotá,Deportes
622,Juegos Mundiales Cali 2013. Disciplina: Karate,Deportes
896,Juegos Mundiales Cali 2013. Disciplina: Patinaje de Ruta,Deportes
408,Juegos Mundiales Cali 2013. Disciplina: Racquetball,Deportes
529,Juegos Mundiales Cali 2013. Disciplina: Rugby,Deportes
21,Juegos Paranacionales - Juan Pablo Castellanos,Deportes
830,Juegos Suramericanos 2014. Disciplina: esgrima,Deportes
334,Juegos Suramericanos 2014. Disciplina: gimnasia artística,Deportes
251,"Jugo de ojos por: Lina Rodriguez, Maria Fernanda y Maria Fernanda",Película y Animación
100,Jugo de ojos por: Nicole y Laura,Película y Animación
661,Julia Zardo (Brasil) - Mundial de Patinaje Artístico,Deportes
263,"Karaoke Lolalá, vamos a cantar: Caminada a la montaña",Película y Animación
143,Karaoke Mi Señal: Oso de anteojos,Película y Animación
475,Karaoke Mi Señal: Serpiente cascabel,Película y Animación
342,"Karol, el papa - Conoce la vida de uno de los líderes espirituales más influyentes del siglo XX",Película y Animación
422,Kevin Johansen - Saludos a Conversaciones 2014,Otros
396,Kikirikí - Ciencia que imita la naturaleza (Capítulo completo) | Temporada 1,Educación
183,Kikirikí - Energía (Capítulo completo) | Temporada 1,Educación
910,Kikirikí - promoción,Entretenimiento
400,LA NETT 'Nuestras Escuelas Transforman Territorios' - Lunes a viernes 6:30 p.m.,Educación
510,La Etnnia - Malvado Instinto (Señal Radiónica),Otros
738,La Etnnia - Real (Señal Radiónica),Otros
898,La Función - Don Carlo,Educación
368,La Función - Perros de Babel,Educación
889,La Función - Psy,Educación
130,La Gran Pregunta - Héroes (Capítulos completos),Educación
721,La Lleva - 3,Educación
620,La Lleva - Cap 12 - Santa Cruz del Islote - Juan Fernando,Deportes
942,La Lleva - Cap. 12 - Santa C. del Islote - Historia de un regalo,Deportes
685,La Media Maratón de Bogotá,Deportes
62,La SUB 30 Padres e Hijos,Entretenimiento
541,La SUB 30 Romanticismo,Entretenimiento
105,La Severa Matacera - Paranoia (Señal Radiónica),Otros
668,La Sub 30 Festivales,Entretenimiento
747,La Sub 30 Rebeldes,Entretenimiento
579,La Sub 30 Servicio Militar,Entretenimiento
545,La Sub 30 Tecnología vs artistas,Entretenimiento
217,La Tierra del Cafe? Capi?tulo 6 - Aviones de papel,Gente y Blogs
501,La comedia blanca - Todo lo que vimos,Entretenimiento
192,La infantería al ataque - Todo lo que vimos,Entretenimiento
780,La magia del niño grande - Todo lo que vimos,Entretenimiento
380,La manzana de la concordia - Todo lo que vimos,Entretenimiento
598,La paz habla - Sandra Meluk,Entretenimiento
484,La portera de República Checa habla sobre el reto de esta noche ante Venezuela,Deportes
540,La presea dorada fue suya por tercer año consecutivo,Deportes
684,"La samba, complemento del fútbol",Deportes
790,La sub 30 - Industria musical - Sillón,Entretenimiento
652,La sub 30 - Literaura - Sillón,Entretenimiento
704,La sub 30 - Música con propósito - Sillón,Entretenimiento
275,La sub 30 semana 31 jueves viernes,Entretenimiento
70,La sub30 - deporte retro,Entretenimiento
345,La sub30 derecho de autor,Entretenimiento
166,La sub30 víctimas del conflicto,Entretenimiento
240,La telenovela criolla internacionalizada - Todo lo que vimos,Entretenimiento
228,Laia Lloses Miró (España) - Mundial de Patinaje Artístico,Deportes
281,Las crónicas elefantiles: Miguel - Estación,Película y Animación
90,Letra urbana - Capítulo 04 Fabio Martínez,Gente y Blogs
970,Letra urbana - Capítulo 06 Gabriel Alzate,Gente y Blogs
893,Lo más de Pacheco - Carlos Pizarro,Gente y Blogs
558,Lo más de Pacheco - Comanche,Gente y Blogs
786,Lo más de Pacheco - Drogadicción adolescente,Educación
313,Lo más de Pacheco - En el circo,Entretenimiento
943,Lo más de Pacheco - Mujeres mecánicas,Gente y Blogs
925,Los Pepa - Clip 07 - Filtro de carbón,Educación
152,Los Pepa - Clip 24 - Medición del ruido,Educación
603,Los Pepa - Clip 35 - Hagamos cometas,Educación
837,Los Pepa - Clip 41 - Sismógrafo casero,Educación
106,Los Pepa - Clip 44 - Virus en internet,Educación
432,Los Pepa - Clip 46 - Origen internet,Educación
771,Los Pepa - Clip 50 - Nube en internet,Educación
125,Los Pepa - Clip 52 - Historia de internet,Educación
857,Los Pepa - Clip 57 - Tecnologías,Educación
5,Los Pepa - Clip 62 - Máscara de carnaval,Educación
187,Los Pepa - Clip 64 - Flores de colores,Educación
633,Los Pepa - Clip 67 - Páramo,Educación
184,Los Pepa - Clip 75 - Prevención de terremotos,Educación
676,Los Pepa ¨ Una fiesta de verdad¨ - Capítulo 22,Educación
23,Los argentinos se toman el metro de Río,Deportes
871,Los biopics a la colombiana - Todo lo que vimos,Entretenimiento
587,Los colores del fútbol - Lunes a viernes,Deportes
301,Los fantásticos Viajes de Ruka - Trailer,Película y Animación
135,Los gaiterios de San Jacinto Ft. Diego Go?mez - Tal vez tu?,Entretenimiento
914,"Los juegos de mar y playa 2015 - Hoy jornada final, en directo desde Cartagena 5:00 p.m.",Deportes
660,Los personajes más rockeros de Mi Señal,Película y Animación
129,Los puros criollos - vallenato - Andrés Beleño - Verseador,Entretenimiento
384,Los puros criollos - vallenato - Hugo Carlos Granados - Rey de Reyes,Película y Animación
804,"Los puros criollos III, ganador India Catalina mejor programa de entretenimiento",Gente y Blogs
950,"Lucho, el documental",Otros
283,"Lucho, el documental - Lunes 4 de mayo 8:00 p.m. #SeñalParaInspirar",Otros
403,"López, un apellido del pueblo",Película y Animación
45,Maite Hontele? Ft. El Freaky colectivo - De?jame asi?,Entretenimiento
911,"Mano de zombie por: Juan David, Sebastian y Brayan",Película y Animación
772,Marcela Cruz (Colombia) - Mundial de Patinaje Artístico,Deportes
20,Mariana Pajón llega a los Juegos Nacionales 2015 - Jueves 19 y viernes 20 de noviembre,Deportes
456,"Martín Emilio ""Cochise"" Rodríguez, la leyenda del jet",Deportes
96,"María Mulata, narradora de Danza Colombia Trayecto Río Magdalena.",Educación
762,Mentiras y sexo.mpg,Entretenimiento
38,Mes de la literatura - ArtPoética 14 de Abril,Película y Animación
958,Mes de la literatura - Karol Wojtyla estreno 17 Abril,Película y Animación
776,Mes de la literatura - Libreando,Película y Animación
230,Mi Señal Karaoke presenta: Siesta Z,Película y Animación
656,Mi señal al aire - disfraces KARAOKE,Educación
278,Mi talento es bailar: Jhon,Película y Animación
225,"Michael Jackson, presente en Brasil",Deportes
549,Migrópolis - Gustos y sabores (Capítulo completo),Película y Animación
973,Molang - Bailar con mi mejor amigo (Parte 2),Película y Animación
174,Molang - En la montaña con mi mejor amigo,Película y Animación
807,Molang - En la selva con mi mejor amigo,Película y Animación
325,Molang - Exceso de equipaje,Película y Animación
209,Molang - Hacer deportes con mi mejor amigo,Película y Animación
651,Molang - Jugar con animales con mi mejor amigo,Película y Animación
570,"Monstruo vomitón por: Loren, Juan y Kevin",Película y Animación
476,"Monstruo vomitón por: Luis Santiago, Juan Sebastián y Didier.",Película y Animación
393,"Monstruo vomitón por: Samuel, Jerónimo, Maria Antonia y Juan David",Película y Animación
787,"Mr. Trance, ganador India Catalina mejor programa infantil o juvenil",Gente y Blogs
389,Mr.Trance - Fama Trance (Fragmento),Película y Animación
795,Mr.Trance - Niñera Trance (Fragmento),Película y Animación
126,Mr.Trance - Tupper Trance (Fragmento),Película y Animación
551,Mundial del Cine - Colombia Vs.USA,Película y Animación
473,Mundial del cine - vota por tus películas favoritas,Película y Animación
257,Más Nuestro - El nacimiento del Fútbol Colombiano,Deportes
611,Más Nuestro - Esgrima (Esperanza Ochoa),Deportes
139,Más Nuestro: Luz Marina Ramírez,Deportes
54,Nace una orquesta,Entretenimiento
872,Nepentes - Somos violentos (Señal Radiónica),Otros
155,Nuestro Mundial - Capítulo 19,Deportes
832,Nuestro Mundial - Capítulo 28,Deportes
571,Nuestro Mundial - Capítulo 30,Deportes
851,Nuestro mundial - Capítulo 11,Película y Animación
707,Nuestro mundial - Capítulo 18,Deportes
377,Nuestros deportistas - Diego Salazar,Deportes
27,Nuestros deportistas - Paulo Villar,Deportes
211,Nuestros deportistas - Selección de fútbol femenino,Deportes
495,Nuestros deportistas - Óscar Figueroa,Deportes
177,Nueva Venecia - Tejedora de sueños (clip),Película y Animación
248,Paisaje de paisajes - Cap 03 Pasión,Gente y Blogs
995,Para ver TV - Deporte,Entretenimiento
823,Para ver TV - Infantiles,Entretenimiento
24,Para ver TV - Magazin,Entretenimiento
826,Para ver TV - Telenovelas - Parte uno,Entretenimiento
800,Para ver TV - Televisión cultural,Entretenimiento
458,Patrocinio señaldeportiva,Educación
828,Perfil de Esteban Chaves,Deportes
902,Perfil de Fabio Duarte,Deportes
236,"Pescaíto, la cuna del fútbol samario",Deportes
959,"Piensa diferente, libera tu energía",Educación
67,Pimienta cayena,Educación
370,"Pizarro, 25 años después de su muerte - Estreno domingo 26 de abril 9:00 p.m.",Película y Animación
379,Por Naturaleza - Luz Marina Montaña,Entretenimiento
755,Premios TAL 2015 - Nominado mejor unitario documental 'Cesó la horrible noche',Entretenimiento
944,Profesor Su?per O Recargado (Capi?tulo 27. Aire acondicionado),Película y Animación
269,Profesor Su?per O Recargado (Capi?tulo 39. Desinfectar el agua con energía solar),Película y Animación
189,Profesor Super O Histórico - Capítulo 7,Deportes
383,Profesor Súper O Histórico - Capítulo 10,Deportes
167,Profesor Súper O Histórico - Capítulo 13,Deportes
592,Profesor Súper O Recargado (Capítulo 11. Contaminación del agua en el hogar),Película y Animación
653,Profesor Súper O Recargado (Capítulo 17. Agua lluvia),Película y Animación
566,Profesor Súper O Recargado (Capítulo 21. Consumo de agua potable),Película y Animación
861,Profesor Súper O Recargado (Capítulo 3. Bombillas eléctricas),Película y Animación
188,PromaxBDA Latin América 2010,Educación
921,Promo Olímpicos - Boxeo,Deportes
607,Promo oli?mpicos - Clavados,Deportes
198,Promo oli?mpicos - Salto triple,Deportes
517,Promo señalcolombia,Educación
546,Proyecto Víctimas Semana y Señal Colombia,Otros
727,Prueba total - Tensión superficial,Película y Animación
261,Puerto Papel - A la Vuelta del Sombrero (Capítulo completo),Película y Animación
502,Puerto Papel - Exprimido de Sentimientos (Capítulo completo),Película y Animación
131,Puerto Papel - Había Una Vez... (Capítulo completo),Educación
346,Puerto Papel - La Palabrota (Capítulo completo),Película y Animación
784,Puerto Papel - Una historia de patata (Capítulo completo),Educación
822,Puesto 2 - Cha gu?eva,Gente y Blogs
16,"Puesto 2, La gente de la universal - La gran escuesta del cine colombiano",Película y Animación
227,"Puesto 3 - Champu?s, mazamorra, avena",Gente y Blogs
854,Puesto 4 - Paseo al pueblo,Gente y Blogs
84,Puesto 4 - Que? pena,Gente y Blogs
78,"Puesto 4, Los viajes del viento - La gran escuesta del cine colombiano",Película y Animación
69,Puros criollos - Estreno 8:00 pm en nuestro canal Youtube en simultánea,Película y Animación
933,RESO BOXEADOR,Educación
963,RESO PROBLEMAS DE ENERGÍA POLITICO,Educación
409,RESO agua,Entretenimiento
493,Razones para ver Yowamushi Pedal en Señal Colombia,Película y Animación
390,ReSo - Pólvora,Educación
259,Reel - Mi sen?al,Película y Animación
57,Reel señalcolombia,Entretenimiento
244,Regresa dejémonos de vainas y Romeo y buseta - Lunes a viernes 12:30 pm y 7:00 pm,Película y Animación
40,Reso Animales Largo,Educación
114,Reso Mi Casa Largo,Educación
438,Resumen títulos de Colombia en los #BolivarianosXSeñal,Deportes
949,Revive el triunfo de Nairo en la Tirreno-Adriático 2015 - Hoy martes a las 7:00 p.m.,Deportes
330,Revolución energética,Educación
674,Rigoberto Urán en exclusiva desde la Vuelta a España,Deportes
99,"Ruta Sur ""Chiriurcu"" Capi?tulo 04",Otros
492,SIDA acceso directo.mpg,Entretenimiento
965,Saludo Caterine Ibargüen - Acompaña a nuestros atletas desde 4:00 p.m. #LosNacionalesXSeñal,Deportes
6,Saludo de Miguel Ángel López,Deportes
923,"Saludos a toda ""Mi señal""",Educación
904,Salvando Planeta Palabra - Capítulo 10 - Comida de mamá - Clip musical,Deportes
929,Salvando Planeta Palabra - Capítulo 4 - Entrevista con neuronas,Educación
341,Salvando Planeta Palabra - Compartiendo Matatristezas (Capítulo completo),Película y Animación
765,Salvando Planeta Palabra - Cumpleaños gordito (Capítulo completo),Película y Animación
617,Salvando Planeta Palabra - Detal invisible (Capítulo completo),Película y Animación
168,Salvando Planeta Palabra - Fulanito desordenado (Capítulo completo),Película y Animación
317,Salvando Planeta Palabra - Fulanito famoso (Capítulo completo),Película y Animación
32,Salvando Planeta Palabra - Mentiras piadosas (Capítulo completo),Película y Animación
526,Salvando Planeta Palabra Capítulo 2 La engreída Entrevista,Educación
310,Salón BAT de arte popular - El arte de la gente,Película y Animación
619,Samuel Flores - Liga de la Animación,Educación
319,"San Andrés, anfitriona de los Juegos de Mar y Playa",Deportes
789,Sanquianga - Instinto de conservación,Educación
892,"Santiago Rivas, ganador India Catalina tercer año consecutivo mejor presentador de entretenimiento",Gente y Blogs
92,Sebastián Toro en el Rally Dakar 2013,Deportes
982,Seguimos a los colombianos en La Vuelta a España por Señal Colombia,Deportes
666,Semana 'Homenaje a Gabo' - Un año después de su muerte - Del lunes 13 al 19 de abril,Gente y Blogs
485,"Semana del cine colombiano - Apatía, sábado 10:30 pm",Película y Animación
212,"Semana del cine colombiano - Lo azul del cielo, jueves 10:30 pm",Película y Animación
479,Sergio Luis Henao Líder Vuelta Al País Vasco,Deportes
834,Sergio Luis Henao se aferra al liderato de la Vuelta al País Vasco,Deportes
291,Señal Colombia Fanáticos del deportes,Deportes
196,Señal Colombia en el FICCI 2014,Gente y Blogs
718,Señal Deportes,Deportes
688,Señal Deportes a ritmo brasileño,Deportes
454,Señal Deportes canta con Tres de Corazón a nuestra Selección,Deportes
722,Señal Deportes recorrió el Museo del Fútbol en Brasil. 2,Deportes
437,Señal deportes - #MásQueFútbol,Deportes
387,Señal deportes - #MásQueFútbol,Deportes
608,Señal deportes - #MásQueFútbol,Deportes
194,Señal deportes estuvo en la MMB 2014,Deportes
73,"Señal deportes, llevamos el ciclismo por dentro",Deportes
991,"Señora Isabel, el amor después de los cincuenta rejuvenece - A partir del 11 de mayo 7:00 p.m.",Entretenimiento
260,Sillon injusticia - tv pública & tv privada,Entretenimiento
589,Sillón Animales uso y abuso,Entretenimiento
9,Sillón Hip Hop,Entretenimiento
26,Sillón retromoda,Entretenimiento
321,Sub 30 Drogas ilícitas,Entretenimiento
588,Sub 30 Reinvención de procesos artísticos - Sillón,Entretenimiento
979,Sub 30 Religión - Sillón,Entretenimiento
875,Sub 30 Trabajos rasos en los medios,Entretenimiento
574,Superlitio en Señal Radiónica,Otros
894,Televidente fiel - Vainilla,Entretenimiento
122,Televisión al natural - Todo lo que vimos,Entretenimiento
665,Televisión colombiana 60 años - Señal Colombia,Película y Animación
161,The Hall Effect - Shine (Señal Radiónica),Otros
144,Today in replay 03 de agosto,Deportes
980,Today in replay 05 de junio,Deportes
233,Today in replay 08 de julio,Deportes
884,Today in replay 09 de junio,Deportes
844,Today in replay 1 de marzo,Deportes
361,Today in replay 10 de febrero,Deportes
505,Today in replay 11 de agosto,Deportes
402,Today in replay 11 de enero,Deportes
127,Today in replay 11 de junio,Deportes
692,Today in replay 12 de agosto,Deportes
792,Today in replay 12 de julio,Deportes
533,Today in replay 15 de agosto,Deportes
156,Today in replay 15 de enero,Deportes
481,Today in replay 15 de julio,Deportes
534,Today in replay 16 de febrero,Deportes
659,Today in replay 17 de junio,Deportes
846,Today in replay 17 de marzo,Deportes
509,Today in replay 18 de enero,Deportes
2,Today in replay 18 de febrero,Deportes
39,Today in replay 19 de junio,Deportes
729,Today in replay 22 de junio,Deportes
457,Today in replay 23 de febrero,Deportes
224,Today in replay 25 de junio,Deportes
203,Today in replay 26 de julio,Deportes
365,Today in replay 26 de junio,Deportes
595,Today in replay 26 de mayo,Deportes
282,Today in replay 27 de febrero,Deportes
829,Today in replay 28 de marzo,Deportes
110,Today in replay 29 de julio,Deportes
266,Today in replay 4 de enero,Deportes
329,Today in replay 8 de enero,Deportes
890,Today in replay 9 de mayo,Deportes
657,Todo lo que somos - 421 - Televidente - Gonzalo Perea,Entretenimiento
435,Todo lo que vemos - 100 - Glosario,Película y Animación
907,Todo lo que vemos - 100 - Lo que viene...,Gente y Blogs
296,Todo lo que vemos - 100 - Televidentes - Eduardo Arias,Gente y Blogs
744,Todo lo que vemos - 102 - Glosario - Gusca y carrilera,Otros
132,Todo lo que vemos - 102 - Televidentes - Sebastián Paredes Salamanca,Otros
381,Todo lo que vemos - 104 - Glosario - LGBT,Otros
580,Todo lo que vemos - 109 - Televidentes - Milena Pulido,Otros
372,Todo lo que vemos - 111 - Televidentes - Francisco Javier Castellanos,Otros
349,Todo lo que vemos - 116 - Glosario - TDT,Educación
200,Todo lo que vemos - 117 - Glosario - Juegos Panamericanos,Educación
997,Todo lo que vemos - 118 - Televidentes - Frank Soto,Educación
294,Todo lo que vemos - 126 - Glosario - Cine,Entretenimiento
882,Todo lo que vemos - 129 - Televidentes - Liliana Bravo,Entretenimiento
467,Todo lo que vemos - 134 - Televidentes - Andrea Morena Narváez,Entretenimiento
216,Todo lo que vemos - 135 - Glosario - Mesa de trabajo,Entretenimiento
85,Todo lo que vemos - 136 - Televidentes - Carlos Alberto Caraballo,Entretenimiento
605,Todo lo que vemos - 137 - Televidentes - Raquel Moreno,Entretenimiento
753,Todo lo que vemos - 139 - Televidentes - Catalina Sánchez Tobón,Entretenimiento
743,Todo lo que vemos - 142 - Televidentes - Juliana Velásquez,Entretenimiento
916,Todo lo que vemos - 145 - Televidentes - Sara Cardona,Entretenimiento
359,Todo lo que vemos - 152 - Televidentes - Germán López,Entretenimiento
36,Todo lo que vemos - 153 - Televidentes - Édgar Melo,Entretenimiento
758,Todo lo que vemos - 154 - Televidentes - Luisa Martínez,Entretenimiento
478,Todo lo que vemos - 159 - Televidentes - Charly Saavedra,Entretenimiento
327,Todo lo que vemos - 161 - Televidentes - Carolina Dossman,Entretenimiento
946,Todo lo que vemos - 163 - Glosario - Patrimonio cultural,Entretenimiento
31,Todo lo que vemos - 169 - Glosario - Hábito,Entretenimiento
439,Todo lo que vemos - 173 - Televidentes - Jhon Jairo Álvarez,Entretenimiento
179,Todo lo que vemos - 176 - Glosario - Escalona,Gente y Blogs
430,Todo lo que vemos - 179 - Televidentes - Julia?n Daniel Garci?a,Gente y Blogs
239,Todo lo que vemos - 189 - Televidentes - Yudi Andrea Rivera,Gente y Blogs
667,Todo lo que vemos - 193 - Glosario - Cantinflear,Gente y Blogs
137,Todo lo que vemos - 197 - Glosario - Convergencia Tecnológica,Gente y Blogs
732,Todo lo que vemos - 199 - Televidentes - Clara Ine?s Gonza?lez,Gente y Blogs
46,Todo lo que vemos - 201 - Televidentes - Sandra Riaño,Gente y Blogs
290,Todo lo que vemos - 202 - Televidentes - Ana María Roldán,Entretenimiento
19,Todo lo que vemos - 204 - Glosario - Horario familiar,Entretenimiento
171,Todo lo que vemos - 209 - Glosario - Medios pu?blicos,Educación
954,Todo lo que vemos - 209 - Televidente - Mari?a Margarita Herrera,Educación
578,Todo lo que vemos - 218 - Televidente - Robinson De Castro,Educación
303,Todo lo que vemos - 220 - Pequeños televidentes - Niños preguntan a Eduardo Arias,Educación
847,Todo lo que vemos - 221 - Glosario - Territorio,Educación
348,Todo lo que vemos - 225 - Glosario - Geo-bloqueo,Educación
931,Todo lo que vemos - 226 - Glosario - Origen del documental,Educación
415,Todo lo que vemos - 226 - Televidente - Ana María Ruíz,Educación
577,Todo lo que vemos - 228 - Televidente - Orlando Plata,Entretenimiento
672,Todo lo que vemos - 232 - Televidente - Cristian Jaramillo,Entretenimiento
930,Todo lo que vemos - 233 - Glosario - Retro,Educación
237,Todo lo que vemos - 234 - Glosario - Derechos de autor,Educación
388,Todo lo que vemos - 235 - Glosario - Historia de la televisión regional,Entretenimiento
948,Todo lo que vemos - 246 - Glosario - Documental regional,Película y Animación
284,Todo lo que vemos - 247 - Televidente - María Fernanda Barajas,Película y Animación
274,Todo lo que vemos - 25 - Glosario - Bicentenario.wmv,Educación
599,Todo lo que vemos - 25 - Televidentes - Luis Freddy Pinto.wmv,Educación
712,Todo lo que vemos - 258 - Televidente - Yaneth López,Película y Animación
150,Todo lo que vemos - 259 - Televidente - Ricardo Bejarano,Película y Animación
7,Todo lo que vemos - 259 - Televidente - Óscar Augusto Ferreira,Película y Animación
845,Todo lo que vemos - 261 - Glosario - La comedia,Película y Animación
612,Todo lo que vemos - 261 - Televidente - Fabio Ernesto Méndez,Película y Animación
711,Todo lo que vemos - 264 - Televidente - Astrid Castañeda,Película y Animación
292,Todo lo que vemos - 276 - Glosario - Banda sonora,Otros
197,Todo lo que vemos - 279 - Televidente - Pilar Oviedo,Entretenimiento
518,Todo lo que vemos - 28 - Televidentes - Alexandra Ruiz Bravo,Educación
901,Todo lo que vemos - 283 - Glosario - Edu entretenimiento,Película y Animación
267,Todo lo que vemos - 284 - Televidente - Arledy Moreno,Educación
939,Todo lo que vemos - 285 - Glosario - Deportes y medios,Deportes
984,Todo lo que vemos - 286 - Televidente - William Delgado,Entretenimiento
655,Todo lo que vemos - 288 - Glosario - Videojuegos,Película y Animación
945,Todo lo que vemos - 304 - Televidente - Daniel Vera Echevarría,Educación
978,Todo lo que vemos - 31 - Glosario Montaje.wmv,Entretenimiento
142,"Todo lo que vemos - 310 - Capítulo completo - Sábado 18 de julio, 2015",Película y Animación
870,Todo lo que vemos - 312 - Televidente - Nicolás Cifuentes,Película y Animación
647,Todo lo que vemos - 314 - Televidente - Mónica María Mondragón,Entretenimiento
833,Todo lo que vemos - 315 - Glosario - Folclor,Película y Animación
670,"Todo lo que vemos - 320 - Capítulo completo - Sábado 26 de septiembre, 2015",Educación
698,Todo lo que vemos - 323 - Glosario - Costumbrismo,Película y Animación
788,Todo lo que vemos - 327 - Glosario - La música,Película y Animación
304,Todo lo que vemos - 327 - Televidente - Catalina Vásquez,Entretenimiento
974,Todo lo que vemos - 330 - Televidente - Catalina Stoltze,Película y Animación
448,Todo lo que vemos - 332 - Glosario - Conservación ambiental,Película y Animación
785,Todo lo que vemos - 332 - Televidente - Luis Quintero,Entretenimiento
102,Todo lo que vemos - 336 - Televidente - Esneider Cortés,Entretenimiento
276,Todo lo que vemos - 337 - Glosario - Estreno,Película y Animación
112,Todo lo que vemos - 338 - Televidente - Carlos Eduardo Arias,Entretenimiento
585,Todo lo que vemos - 339 - Televidente - Andrés Fonseca,Entretenimiento
318,Todo lo que vemos - 342 - Televidente - Pablo Pulido,Entretenimiento
77,Todo lo que vemos - 344 - Televidente - Fredy Calderón.,Entretenimiento
369,Todo lo que vemos - 344 - Televidente - Héctor López.,Entretenimiento
606,Todo lo que vemos - 35- Glosario - Documental ambiental,Educación
680,Todo lo que vemos - 351 - Televidente - Lissette Balaguera,Entretenimiento
827,Todo lo que vemos - 353 - Capítulo completo - Sábado 14 de mayo,Entretenimiento
25,Todo lo que vemos - 354 - Glosario,Entretenimiento
355,Todo lo que vemos - 354 - Televidente - Ivonne Patarroyo,Entretenimiento
538,Todo lo que vemos - 355 - Televidente - Néstor Vargas,Entretenimiento
648,Todo lo que vemos - 356 - Glosario,Entretenimiento
498,Todo lo que vemos - 357 - Capítulo completo - Sábado 11 de junio,Entretenimiento
597,Todo lo que vemos - 357 - Televidente - Sandra Jaramillo Llorente,Entretenimiento
213,Todo lo que vemos - 36 - Televidentes - Beatriz Ángel,Educación
859,"Todo lo que vemos - 361- Jesus ""Chucho"" Saavedra",Entretenimiento
756,Todo lo que vemos - 362 - Glosario,Entretenimiento
553,Todo lo que vemos - 363 - Glosario,Entretenimiento
874,Todo lo que vemos - 363 - Televidente - Jonathan García,Entretenimiento
881,Todo lo que vemos - 364 - Televidente - Ximena Ramírez,Entretenimiento
521,Todo lo que vemos - 365 - Televidente - Samirna Gómez,Entretenimiento
117,Todo lo que vemos - 367 - Televidente - Fredy Tobasía,Entretenimiento
109,Todo lo que vemos - 368 - Televidente - Aly Chávez Montoya,Entretenimiento
584,Todo lo que vemos - 369 - Glosario,Entretenimiento
305,Todo lo que vemos - 371 - Capítulo completo - Sábado 17 de septiembre,Entretenimiento
18,Todo lo que vemos - 372 - Glosario,Entretenimiento
51,Todo lo que vemos - 374 - Glosario,Entretenimiento
990,Todo lo que vemos - 374 - Televidente - Fabre Botero Arias,Entretenimiento
243,Todo lo que vemos - 374 - Televidente - Victoriano Joropa,Entretenimiento
486,Todo lo que vemos - 378 - Capítulo completo - Sábado 5 de noviembre,Entretenimiento
128,Todo lo que vemos - 379 - Televidente - Chalo Flórez,Entretenimiento
265,Todo lo que vemos - 383 - Capítulo completo - Sábado 10 de diciembre,Entretenimiento
340,Todo lo que vemos - 387 - Glosario,Entretenimiento
779,Todo lo que vemos - 388 - Glosario,Entretenimiento
506,Todo lo que vemos - 396 - Televidente - Julián Pérez,Entretenimiento
154,Todo lo que vemos - 40 - Glosario - Gag,Deportes
728,Todo lo que vemos - 409 - Televidente - Luis Cepeda,Entretenimiento
905,Todo lo que vemos - 413 - Televidente - David Katz,Entretenimiento
34,Todo lo que vemos - 415 - Televidente - Clara Joya,Entretenimiento
616,Todo lo que vemos - 417 - Televidente - Arturo González,Entretenimiento
262,Todo lo que vemos - 420 - Capítulo completo - Sábado 26 de agosto,Entretenimiento
967,Todo lo que vemos - 425 - Televidente - Diana Arévalo,Entretenimiento
343,Todo lo que vemos - 427 - Capítulo completo - Sábado 14 de octubre,Entretenimiento
71,Todo lo que vemos - 427 - Televidente - Álvaro Elvira,Entretenimiento
831,Todo lo que vemos - 431 - Televidente - Oswaldo Hernández,Entretenimiento
843,Todo lo que vemos - 44 - Glosario - TV educativa,Educación
344,Todo lo que vemos - 444 - Televidente - Andrés Celis,Entretenimiento
650,Todo lo que vemos - 444 - Televidente - Marino Guarín,Entretenimiento
754,Todo lo que vemos - 446 - Televidente - Deivid Velandia,Entretenimiento
548,Todo lo que vemos - 448 - Televidente - María Navarrete,Entretenimiento
412,Todo lo que vemos - 45 - Glosario - Transmisión deportiva,Deportes
897,Todo lo que vemos - 457 - Capítulo completo - Sábado 12 de mayo,Entretenimiento
309,Todo lo que vemos - 458 - Televidente - Francis García,Entretenimiento
469,Todo lo que vemos - 461 - Televidente - Lila García,Entretenimiento
297,Todo lo que vemos - 461 - Vox populi,Entretenimiento
461,Todo lo que vemos - 464 - Televidente - Sebastián Rojas,Entretenimiento
820,Todo lo que vemos - 465 - Capítulo completo - Sábado 7 de julio,Entretenimiento
499,Todo lo que vemos - 469 - Televidente - Adriana Amaya,Entretenimiento
690,Todo lo que vemos - 471 - Televidente - May Torres,Entretenimiento
675,Todo lo que vemos - 474 - Televidente - Luis Arias,Entretenimiento
766,Todo lo que vemos - 475 - Vox populi,Entretenimiento
852,Todo lo que vemos - 476 - Vox populi,Entretenimiento
520,Todo lo que vemos - 479 - Televidente - Natalia Orrego,Entretenimiento
671,Todo lo que vemos - 480 - Capítulo completo - Sábado 20 de octubre,Entretenimiento
715,Todo lo que vemos - 480 - Televidente - Santiago Suárez,Entretenimiento
483,Todo lo que vemos - 57 - El Foco - Salvando Planeta Palabra,Educación
855,Todo lo que vemos - 64 - Debate - Tercer canal,Educación
64,Todo lo que vemos - 64 - Glosario - Televisión,Educación
421,Todo lo que vemos - 65 - Preguntas Frecuentes - Director de cámaras,Educación
29,Todo lo que vemos - 65 - Televidentes - Francisco Casas,Educación
15,Todo lo que vemos - 66 - Preguntas Frecuentes - Operador de video,Educación
253,Todo lo que vemos - 68 - Televidentes - Henry Angulo,Educación
525,Todo lo que vemos - 70 - Televidentes - Ferley Córdoba,Educación
204,Todo lo que vemos - 73 - Preguntas Frecuentes - Luminotécnico,Educación
594,Todo lo que vemos - 74 - Glosario - People meter,Educación
352,Todo lo que vemos - 75 - Glosario - Megaproducción,Educación
565,Todo lo que vemos - 79 - Televidentes - Carmen Elisa Granados,Educación
306,Todo lo que vemos - 79 - Televidentes - Óscar Javier Ariza,Otros
158,Todo lo que vemos - 85 - Glosario - Técnicas de cocina,Educación
72,"Todo lo que vemos - 91 - Preguntas Frecuentes - Peticiones, quejas y reclamos",Gente y Blogs
926,Todo lo que vemos - 93 - Televidentes - Camilo Castiblanco,Otros
494,Todo lo que vemos - 96 - Televidentes - Julián y Hernán Sánchez,Gente y Blogs
654,Todo lo que vemos - Capítulo 42 - Televidentes - Ingrid Mariño,Educación
121,Todo lo que vemos - cap 09 - presentación,Entretenimiento
582,Todo lo que vemos 01 - Presentación,Entretenimiento
731,Todo lo que vemos 03 - Cristian Ibargüen,Entretenimiento
662,Todo lo que vemos 03 - Glosario: Edición,Entretenimiento
324,Todo lo que vemos 03 - María del Pilar Morales,Entretenimiento
103,Todo lo que vemos 04 - Glosario: Productor,Entretenimiento
465,Todo lo que vemos 07 - Glosario: Rating,Entretenimiento
489,Todo lo que vemos 12 - Tv1 Ronald Sánchez,Entretenimiento
446,Todo lo que vemos 13 - Presentación,Entretenimiento
75,Todo lo que vemos 15 - Eliana Acevedo,Entretenimiento
470,Todo lo que vemos 16 - Glosario: Mayoría de edad,Entretenimiento
326,Todo lo que vemos 19 - Presentación,Entretenimiento
35,Todo lo que vimos - Los seis programas más innovadores,Entretenimiento
406,Todo lo que vimos - Los seis programas que debió ver y no vio,Entretenimiento
542,Todo por una clase magistral,Entretenimiento
208,Torta de cerebro por: Kihara y Samuel,Película y Animación
455,Tour de Francia 2013 Invitación de Abelardo Rondón,Deportes
976,Tour de Francia 2015 - En vivo a partir del 4 de julio,Deportes
932,Tour de Francia 2015 - En vivo todos los días desde las 8:00 a.m. #PedaleoPor,Deportes
220,Trailer Plus,Entretenimiento
877,Transmisión 'Premios India Catalina 2015' - Sábado 14 de marzo desde 6:15 p.m.,Entretenimiento
552,"Tráiler - Mateo, una película de María Gamboa",Película y Animación
374,"Turbaco, Bolívar - Que el mundo lo sepa",Otros
460,"Tutorial, tips para salir a acampar - Mi Señal, Mi Huella",Película y Animación
331,"Tutorial, ¿cómo hacer cabecita? - Mi Señal, Mi Huella",Película y Animación
450,"Tuyo es mi corazón, regresa desde el 20 de abril - Lunes a viernes 7:00 p.m.",Entretenimiento
159,Un logro de proporciones heróicas,Deportes
806,Un velódromo abandonado,Deportes
750,Una pantalla para jóvenes pantalleros - Todo lo que vimos,Entretenimiento
250,Una semana saltando lazo - Guillermina y Candelario (Clip),Película y Animación
0,Urbílogo - Bogotá dominguera,Entretenimiento
170,Urbílogo - El atraco a mano enguitarrada,Entretenimiento
163,Urbílogo - El mexican way of life,Entretenimiento
960,Ventana Andina - 'Pájaros de frontera' y 'Niños caminantes del Chocó' - Domingo 10 de mayo 9:00 p.m.,Educación
927,Versos de Leandro Díaz - Pablo Martínez - Orquesta La 33,Otros
360,"Vicky, Isadora, Billy Pontoni, Fausto y Fernando Calle en Conversaciones",Otros
586,Visita al Museo del mar con Ruka,Película y Animación
302,Viviana Osorio (Colombia) - Mundial de Patinaje Artístico,Deportes
716,Vivir Juntos. Escuela (Uruguay),Gente y Blogs
968,Vogulys Vox Populi,Entretenimiento
418,Vuelta a España - Comienza la montaña y con ella el reto de los escarabajos colombianos,Deportes
989,"Vuelta a España - Del 23 de agosto al 14 de Septiembre, HD 9:00 am",Deportes
487,Vuelve a vivir cada etapa - Todos los días después del Mundial de Atletismo de Menores desde Cali,Deportes
646,William Rondón (Colombia) - Mundial de Patinaje Artístico,Deportes
386,XVIII Juegos Bolivarianos - Perfiles - Ingrit Valencia,Deportes
81,Ya viene la Vuelta España 2014,Deportes
803,"Yacuruna, los hijos del río - Capítulo 13: Congreso",Gente y Blogs
371,ZoOtecnia - Capítulo 03 - Pégate pucho,Educación
417,ZoOtecnia - Capítulo 06 - La dimensión del chupe,Educación
634,ZoOtecnia - Capítulo 12 - Me pagaron La Lleva - Versión corta,Película y Animación
609,ZoOtecnia - Capítulo 13 - Un caso embarazoso,Educación
903,ZoOtecnia - Capítulo 13 - Un caso embarazoso - Versión corta,Película y Animación
231,ZoOtecnia II - Capítulo 09 - Dame tu pin,Educación
94,ZoOtecnia II - Capítulo 13 - La marca,Educación
618,danza hindú Parte 2,Educación
664,señalcultural,Educación
998,sillón justicia música e identidad,Entretenimiento
623,sub 30 radionovela 2 - parte 2,Entretenimiento
134,¡Ayúdanos a encontrar un nombre para nuestro dragón!,Película y Animación
44,¡Estreno: Temporada 3 de Puerto Papel!,Película y Animación
564,¿Cómo es leer y escribir en braille? Deinny te lo explica,Película y Animación
466,¿Cómo ha sido vivir en medio de la guerra? Sofía nos cuenta,Película y Animación
739,¿Olvidaste el aniversario?..Tranquilo ya esta aquí Mr. Trance - Estreno 15 de septiembre,Película y Animación
719,¿Quién es el Dr. Faga y por qué tiene un programa de televisión?,Entretenimiento
966,¿Quién soy y qué me gusta? Viena,Película y Animación
52,¿Qué es lo chévere de estar en un equipo?,Película y Animación
497,¿Qué es lo que más les gusta a los niños de la ciencia?,Película y Animación
401,¿Qué es un ROLLO FOTOGRÁFICO? Juani & Gatón interactivo,Película y Animación
136,¿Qué hacer si un niño no quiere comer?,Entretenimiento
424,¿Qué harías tú? - El sello mágico,Película y Animación
778,¿Qué harías tú? - Esto se puso salsa,Entretenimiento
93,¿Qué opinas sobre el machismo?,Película y Animación
906,¿Te cortarón los servicios?.. Tranquilo ya esta aquí Mr. Trance - Estreno 15 de septiembre,Película y Animación
440,"Óscar Figueroa, con dos medallas en el Mundial de Levantamiento de Pesas",Deportes
419,Último día de competencias del Ciclismo de Pista en Juegos Bolivarianos 2017,Deportes
